{"cameraMode":{"drawMode":0,"name":"Shaded","section":"Shading Mode"},"sceneLighting":true,"audioPlay":false,"sceneViewState":{"showFog":true,"showMaterialUpdate":false,"showSkybox":true,"showFlares":true,"showImageEffects":true,"showParticleSystems":true},"in2DMode":false,"pivot":{"x":-138.4109649658203,"y":18.967391967773439,"z":194.18521118164063},"rotation":{"x":0.008990267291665078,"y":0.9849749207496643,"z":-0.16376182436943055,"w":0.05409006029367447},"size":20.04157829284668,"orthographic":false}