{"cameraMode":{"drawMode":0,"name":"Shaded","section":"Shading Mode"},"sceneLighting":true,"audioPlay":false,"sceneViewState":{"showFog":true,"showMaterialUpdate":false,"showSkybox":true,"showFlares":true,"showImageEffects":true,"showParticleSystems":true},"in2DMode":false,"pivot":{"x":-130.99945068359376,"y":5.043032646179199,"z":174.920654296875},"rotation":{"x":0.04846477881073952,"y":-0.9365408420562744,"z":0.3161115348339081,"w":0.1435828059911728},"size":3.5294089317321779,"orthographic":false}