{"cameraMode":{"drawMode":0,"name":"Shaded","section":"Shading Mode"},"sceneLighting":true,"audioPlay":false,"sceneViewState":{"showFog":true,"showMaterialUpdate":false,"showSkybox":true,"showFlares":true,"showImageEffects":true,"showParticleSystems":true},"in2DMode":false,"pivot":{"x":-136.0417938232422,"y":0.9566850662231445,"z":150.748046875},"rotation":{"x":0.029335299506783487,"y":0.9484372735023499,"z":-0.3018420934677124,"w":0.09218160063028336},"size":21.12872886657715,"orthographic":false}