{"cameraMode":{"drawMode":0,"name":"Shaded","section":"Shading Mode"},"sceneLighting":true,"audioPlay":false,"sceneViewState":{"showFog":true,"showMaterialUpdate":false,"showSkybox":true,"showFlares":true,"showImageEffects":true,"showParticleSystems":true},"in2DMode":false,"pivot":{"x":68.54065704345703,"y":-48.82293701171875,"z":-162.613525390625},"rotation":{"x":-0.025261428207159044,"y":-0.9657211303710938,"z":0.10295477509498596,"w":-0.23694941401481629},"size":424.57196044921877,"orthographic":false}