{"cameraMode":{"drawMode":0,"name":"Shaded","section":"Shading Mode"},"sceneLighting":true,"audioPlay":false,"sceneViewState":{"showFog":true,"showMaterialUpdate":false,"showSkybox":true,"showFlares":true,"showImageEffects":true,"showParticleSystems":true},"in2DMode":false,"pivot":{"x":-135.0124969482422,"y":6.438896656036377,"z":173.68040466308595},"rotation":{"x":0.029057970270514489,"y":0.9704301953315735,"z":-0.152653768658638,"w":0.18471001088619233},"size":7.316780090332031,"orthographic":false}