{"cameraMode":{"drawMode":0,"name":"Shaded","section":"Shading Mode"},"sceneLighting":true,"audioPlay":false,"sceneViewState":{"showFog":true,"showMaterialUpdate":true,"showSkybox":true,"showFlares":true,"showImageEffects":true,"showParticleSystems":true},"in2DMode":false,"pivot":{"x":211.505859375,"y":32.36457824707031,"z":-99.0067138671875},"rotation":{"x":-0.03286676108837128,"y":0.9671266078948975,"z":-0.17992018163204194,"w":-0.17667672038078309},"size":118.31637573242188,"orthographic":false}