{"cameraMode":{"drawMode":0,"name":"Shaded","section":"Shading Mode"},"sceneLighting":true,"audioPlay":false,"sceneViewState":{"showFog":true,"showMaterialUpdate":true,"showSkybox":true,"showFlares":true,"showImageEffects":true,"showParticleSystems":true},"in2DMode":false,"pivot":{"x":-133.57167053222657,"y":17.795862197875978,"z":206.9454345703125},"rotation":{"x":-0.009383238852024079,"y":-0.9788340330123901,"z":0.19917276501655579,"w":-0.04610930755734444},"size":20.089866638183595,"orthographic":false}