{"cameraMode":{"drawMode":0,"name":"Shaded","section":"Shading Mode"},"sceneLighting":true,"audioPlay":false,"sceneViewState":{"showFog":true,"showMaterialUpdate":true,"showSkybox":true,"showFlares":true,"showImageEffects":true,"showParticleSystems":true},"in2DMode":false,"pivot":{"x":9.575723648071289,"y":70.16238403320313,"z":149.50205993652345},"rotation":{"x":-0.0122052151709795,"y":0.9777042269706726,"z":-0.2010507881641388,"w":-0.059364885091781619},"size":22.0,"orthographic":false}