{"cameraMode":{"drawMode":0,"name":"Shaded","section":"Shading Mode"},"sceneLighting":true,"audioPlay":false,"sceneViewState":{"showFog":true,"showMaterialUpdate":false,"showSkybox":true,"showFlares":true,"showImageEffects":true,"showParticleSystems":true},"in2DMode":false,"pivot":{"x":7.6047468185424809,"y":3.610755205154419,"z":3.564746141433716},"rotation":{"x":-0.14721587300300599,"y":0.7437413930892944,"z":-0.17426934838294984,"w":-0.6283363103866577},"size":6.103998184204102,"orthographic":false}