{"cameraMode":{"drawMode":0,"name":"Shaded","section":"Shading Mode"},"sceneLighting":true,"audioPlay":false,"sceneViewState":{"showFog":true,"showMaterialUpdate":false,"showSkybox":true,"showFlares":true,"showImageEffects":true,"showParticleSystems":true},"in2DMode":false,"pivot":{"x":1.5000147819519044,"y":7.06095027923584,"z":3.1000118255615236},"rotation":{"x":0.006176776718348265,"y":0.9305217266082764,"z":-0.3658500015735626,"w":0.01565212942659855},"size":74.68807220458985,"orthographic":false}