{"cameraMode":{"drawMode":0,"name":"Shaded","section":"Shading Mode"},"sceneLighting":true,"audioPlay":false,"sceneViewState":{"showFog":true,"showMaterialUpdate":false,"showSkybox":true,"showFlares":true,"showImageEffects":true,"showParticleSystems":true},"in2DMode":false,"pivot":{"x":6.016443252563477,"y":4.8281354904174809,"z":3.866445779800415},"rotation":{"x":-0.14497214555740357,"y":0.7486886978149414,"z":-0.1742454618215561,"w":-0.6229662895202637},"size":6.703998565673828,"orthographic":false}