{"cameraMode":{"drawMode":0,"name":"Shaded","section":"Shading Mode"},"sceneLighting":true,"audioPlay":false,"sceneViewState":{"showFog":true,"showMaterialUpdate":false,"showSkybox":true,"showFlares":true,"showImageEffects":true,"showParticleSystems":true},"in2DMode":false,"pivot":{"x":-134.04656982421876,"y":-122.72911071777344,"z":-19.881317138671876},"rotation":{"x":-0.21673476696014405,"y":0.7228107452392578,"z":-0.2600436806678772,"w":-0.6024516224861145},"size":236.60296630859376,"orthographic":false}