{"cameraMode":{"drawMode":0,"name":"Shaded","section":"Shading Mode"},"sceneLighting":true,"audioPlay":false,"sceneViewState":{"showFog":true,"showMaterialUpdate":true,"showSkybox":true,"showFlares":true,"showImageEffects":true,"showParticleSystems":true},"in2DMode":false,"pivot":{"x":-144.8298797607422,"y":12.220671653747559,"z":204.3450469970703},"rotation":{"x":0.1869146227836609,"y":0.5756740570068359,"z":-0.13722793757915498,"w":0.784111499786377},"size":7.002182483673096,"orthographic":false}