{"cameraMode":{"drawMode":0,"name":"Shaded","section":"Shading Mode"},"sceneLighting":false,"audioPlay":false,"sceneViewState":{"showFog":true,"showMaterialUpdate":false,"showSkybox":true,"showFlares":true,"showImageEffects":true,"showParticleSystems":true},"in2DMode":false,"pivot":{"x":-5.406266212463379,"y":1.7187525033950806,"z":22.12689971923828},"rotation":{"x":-0.07734747976064682,"y":0.9074801802635193,"z":-0.19206689298152924,"w":-0.36552345752716067},"size":5.370184421539307,"orthographic":false}