{"cameraMode":{"drawMode":0,"name":"Shaded","section":"Shading Mode"},"sceneLighting":true,"audioPlay":false,"sceneViewState":{"showFog":true,"showMaterialUpdate":false,"showSkybox":true,"showFlares":true,"showImageEffects":true,"showParticleSystems":true},"in2DMode":false,"pivot":{"x":-94.18443298339844,"y":-117.12297058105469,"z":-50.99562454223633},"rotation":{"x":-0.18082334101200105,"y":0.8082585334777832,"z":-0.315665602684021,"w":-0.46300798654556277},"size":236.60296630859376,"orthographic":false}