{"cameraMode":{"drawMode":0,"name":"Shaded","section":"Shading Mode"},"sceneLighting":true,"audioPlay":false,"sceneViewState":{"showFog":true,"showMaterialUpdate":true,"showSkybox":true,"showFlares":true,"showImageEffects":true,"showParticleSystems":true},"in2DMode":false,"pivot":{"x":-133.1016845703125,"y":9.868438720703125,"z":198.7009735107422},"rotation":{"x":-0.21814656257629395,"y":0.009351825341582299,"z":-0.0020930177997797729,"w":-0.9758689999580383},"size":2.8109750747680666,"orthographic":false}