{"cameraMode":{"drawMode":0,"name":"Shaded","section":"Shading Mode"},"sceneLighting":true,"audioPlay":false,"sceneViewState":{"showFog":true,"showMaterialUpdate":true,"showSkybox":true,"showFlares":true,"showImageEffects":true,"showParticleSystems":true},"in2DMode":false,"pivot":{"x":-142.08010864257813,"y":13.75193977355957,"z":222.39808654785157},"rotation":{"x":-0.012257623486220837,"y":-0.986450731754303,"z":0.13826513290405274,"w":-0.08745015412569046},"size":7.002182483673096,"orthographic":false}