{"cameraMode":{"drawMode":0,"name":"Shaded","section":"Shading Mode"},"sceneLighting":true,"audioPlay":false,"sceneViewState":{"showFog":true,"showMaterialUpdate":true,"showSkybox":true,"showFlares":true,"showImageEffects":true,"showParticleSystems":true},"in2DMode":false,"pivot":{"x":260.65667724609377,"y":142.24603271484376,"z":-242.7431640625},"rotation":{"x":-0.09061627835035324,"y":0.8875412344932556,"z":-0.1981077492237091,"w":-0.4059711694717407},"size":836.9623413085938,"orthographic":false}