{"cameraMode":{"drawMode":0,"name":"Shaded","section":"Shading Mode"},"sceneLighting":false,"audioPlay":false,"sceneViewState":{"showFog":true,"showMaterialUpdate":false,"showSkybox":true,"showFlares":true,"showImageEffects":true,"showParticleSystems":true},"in2DMode":false,"pivot":{"x":8.199999809265137,"y":2.5022594928741457,"z":-1.2400000095367432},"rotation":{"x":-0.1237204372882843,"y":0.7815955877304077,"z":-0.16422073543071748,"w":-0.5889254212379456},"size":1.8634415864944459,"orthographic":false}