{"cameraMode":{"drawMode":0,"name":"Shaded","section":"Shading Mode"},"sceneLighting":true,"audioPlay":false,"sceneViewState":{"showFog":true,"showMaterialUpdate":false,"showSkybox":true,"showFlares":true,"showImageEffects":true,"showParticleSystems":true},"in2DMode":false,"pivot":{"x":-43.137569427490237,"y":62.822566986083987,"z":270.0703125},"rotation":{"x":-0.05723279342055321,"y":0.9407981634140015,"z":-0.20293165743350984,"w":-0.2654092013835907},"size":0.058807529509067538,"orthographic":false}