{"cameraMode":{"drawMode":0,"name":"Shaded","section":"Shading Mode"},"sceneLighting":false,"audioPlay":false,"sceneViewState":{"showFog":true,"showMaterialUpdate":false,"showSkybox":true,"showFlares":true,"showImageEffects":true,"showParticleSystems":true},"in2DMode":false,"pivot":{"x":3.123281955718994,"y":1.3234751224517823,"z":-2.6079092025756838},"rotation":{"x":-0.11612462252378464,"y":0.8438335061073303,"z":-0.20292486250400544,"w":-0.4829924404621124},"size":2.59702730178833,"orthographic":false}