{"cameraMode":{"drawMode":0,"name":"Shaded","section":"Shading Mode"},"sceneLighting":true,"audioPlay":false,"sceneViewState":{"showFog":true,"showMaterialUpdate":false,"showSkybox":true,"showFlares":true,"showImageEffects":true,"showParticleSystems":true},"in2DMode":false,"pivot":{"x":-0.635448694229126,"y":1.5344500541687012,"z":1.7194488048553467},"rotation":{"x":-0.017267249524593355,"y":0.9154268503189087,"z":-0.40016382932662966,"w":-0.03955429047346115},"size":41.5527458190918,"orthographic":false}