{"cameraMode":{"drawMode":0,"name":"Shaded","section":"Shading Mode"},"sceneLighting":false,"audioPlay":false,"sceneViewState":{"showFog":true,"showMaterialUpdate":false,"showSkybox":true,"showFlares":true,"showImageEffects":true,"showParticleSystems":true},"in2DMode":false,"pivot":{"x":2.327909469604492,"y":0.881260871887207,"z":-10.461798667907715},"rotation":{"x":-0.010327077470719815,"y":-0.9884769320487976,"z":0.07923723012208939,"w":-0.12856194376945496},"size":26.183473587036134,"orthographic":false}