{"cameraMode":{"drawMode":0,"name":"Shaded","section":"Shading Mode"},"sceneLighting":true,"audioPlay":false,"sceneViewState":{"showFog":true,"showMaterialUpdate":false,"showSkybox":true,"showFlares":true,"showImageEffects":true,"showParticleSystems":true},"in2DMode":false,"pivot":{"x":33.51066207885742,"y":7.357395172119141,"z":15.498558044433594},"rotation":{"x":0.043694548308849338,"y":-0.840340793132782,"z":0.0685405433177948,"w":0.5359295010566711},"size":3.3458151817321779,"orthographic":false}