{"cameraMode":{"drawMode":0,"name":"Shaded","section":"Shading Mode"},"sceneLighting":true,"audioPlay":false,"sceneViewState":{"showFog":true,"showMaterialUpdate":false,"showSkybox":true,"showFlares":true,"showImageEffects":true,"showParticleSystems":true},"in2DMode":false,"pivot":{"x":32.78984832763672,"y":18.261186599731447,"z":11.604879379272461},"rotation":{"x":0.1268928349018097,"y":-0.6610299348831177,"z":0.11483222246170044,"w":0.7305827736854553},"size":3.3458151817321779,"orthographic":false}